[{"model": "auth.permission", "pk": 1, "fields": {"name": "Can add log entry", "content_type": 1, "codename": "add_logentry"}}, {"model": "auth.permission", "pk": 2, "fields": {"name": "Can change log entry", "content_type": 1, "codename": "change_logentry"}}, {"model": "auth.permission", "pk": 3, "fields": {"name": "Can delete log entry", "content_type": 1, "codename": "delete_logentry"}}, {"model": "auth.permission", "pk": 4, "fields": {"name": "Can view log entry", "content_type": 1, "codename": "view_logentry"}}, {"model": "auth.permission", "pk": 5, "fields": {"name": "Can add permission", "content_type": 2, "codename": "add_permission"}}, {"model": "auth.permission", "pk": 6, "fields": {"name": "Can change permission", "content_type": 2, "codename": "change_permission"}}, {"model": "auth.permission", "pk": 7, "fields": {"name": "Can delete permission", "content_type": 2, "codename": "delete_permission"}}, {"model": "auth.permission", "pk": 8, "fields": {"name": "Can view permission", "content_type": 2, "codename": "view_permission"}}, {"model": "auth.permission", "pk": 9, "fields": {"name": "Can add group", "content_type": 3, "codename": "add_group"}}, {"model": "auth.permission", "pk": 10, "fields": {"name": "Can change group", "content_type": 3, "codename": "change_group"}}, {"model": "auth.permission", "pk": 11, "fields": {"name": "Can delete group", "content_type": 3, "codename": "delete_group"}}, {"model": "auth.permission", "pk": 12, "fields": {"name": "Can view group", "content_type": 3, "codename": "view_group"}}, {"model": "auth.permission", "pk": 13, "fields": {"name": "Can add user", "content_type": 4, "codename": "add_user"}}, {"model": "auth.permission", "pk": 14, "fields": {"name": "Can change user", "content_type": 4, "codename": "change_user"}}, {"model": "auth.permission", "pk": 15, "fields": {"name": "Can delete user", "content_type": 4, "codename": "delete_user"}}, {"model": "auth.permission", "pk": 16, "fields": {"name": "Can view user", "content_type": 4, "codename": "view_user"}}, {"model": "auth.permission", "pk": 17, "fields": {"name": "Can add content type", "content_type": 5, "codename": "add_contenttype"}}, {"model": "auth.permission", "pk": 18, "fields": {"name": "Can change content type", "content_type": 5, "codename": "change_contenttype"}}, {"model": "auth.permission", "pk": 19, "fields": {"name": "Can delete content type", "content_type": 5, "codename": "delete_contenttype"}}, {"model": "auth.permission", "pk": 20, "fields": {"name": "Can view content type", "content_type": 5, "codename": "view_contenttype"}}, {"model": "auth.permission", "pk": 21, "fields": {"name": "Can add session", "content_type": 6, "codename": "add_session"}}, {"model": "auth.permission", "pk": 22, "fields": {"name": "Can change session", "content_type": 6, "codename": "change_session"}}, {"model": "auth.permission", "pk": 23, "fields": {"name": "Can delete session", "content_type": 6, "codename": "delete_session"}}, {"model": "auth.permission", "pk": 24, "fields": {"name": "Can view session", "content_type": 6, "codename": "view_session"}}, {"model": "auth.permission", "pk": 25, "fields": {"name": "Can add institusi", "content_type": 7, "codename": "add_institusi"}}, {"model": "auth.permission", "pk": 26, "fields": {"name": "Can change institusi", "content_type": 7, "codename": "change_institusi"}}, {"model": "auth.permission", "pk": 27, "fields": {"name": "Can delete institusi", "content_type": 7, "codename": "delete_institusi"}}, {"model": "auth.permission", "pk": 28, "fields": {"name": "Can view institusi", "content_type": 7, "codename": "view_institusi"}}, {"model": "auth.permission", "pk": 29, "fields": {"name": "Can add lingkup kerja", "content_type": 8, "codename": "add_lingkupkerja"}}, {"model": "auth.permission", "pk": 30, "fields": {"name": "Can change lingkup kerja", "content_type": 8, "codename": "change_lingkupkerja"}}, {"model": "auth.permission", "pk": 31, "fields": {"name": "Can delete lingkup kerja", "content_type": 8, "codename": "delete_lingkupkerja"}}, {"model": "auth.permission", "pk": 32, "fields": {"name": "Can view lingkup kerja", "content_type": 8, "codename": "view_lingkupkerja"}}, {"model": "auth.permission", "pk": 33, "fields": {"name": "Can add tema", "content_type": 9, "codename": "add_tema"}}, {"model": "auth.permission", "pk": 34, "fields": {"name": "Can change tema", "content_type": 9, "codename": "change_tema"}}, {"model": "auth.permission", "pk": 35, "fields": {"name": "Can delete tema", "content_type": 9, "codename": "delete_tema"}}, {"model": "auth.permission", "pk": 36, "fields": {"name": "Can view tema", "content_type": 9, "codename": "view_tema"}}, {"model": "auth.permission", "pk": 37, "fields": {"name": "Can add lembaga", "content_type": 10, "codename": "add_lembaga"}}, {"model": "auth.permission", "pk": 38, "fields": {"name": "Can change lembaga", "content_type": 10, "codename": "change_lembaga"}}, {"model": "auth.permission", "pk": 39, "fields": {"name": "Can delete lembaga", "content_type": 10, "codename": "delete_lembaga"}}, {"model": "auth.permission", "pk": 40, "fields": {"name": "Can view lembaga", "content_type": 10, "codename": "view_lembaga"}}, {"model": "auth.permission", "pk": 41, "fields": {"name": "Can add praktikum", "content_type": 11, "codename": "add_praktikum"}}, {"model": "auth.permission", "pk": 42, "fields": {"name": "Can change praktikum", "content_type": 11, "codename": "change_praktikum"}}, {"model": "auth.permission", "pk": 43, "fields": {"name": "Can delete praktikum", "content_type": 11, "codename": "delete_praktikum"}}, {"model": "auth.permission", "pk": 44, "fields": {"name": "Can view praktikum", "content_type": 11, "codename": "view_praktikum"}}, {"model": "auth.permission", "pk": 45, "fields": {"name": "Can add template borang penilaian praktikum", "content_type": 12, "codename": "add_templateborangpenilaianpraktikum"}}, {"model": "auth.permission", "pk": 46, "fields": {"name": "Can change template borang penilaian praktikum", "content_type": 12, "codename": "change_templateborangpenilaianpraktikum"}}, {"model": "auth.permission", "pk": 47, "fields": {"name": "Can delete template borang penilaian praktikum", "content_type": 12, "codename": "delete_templateborangpenilaianpraktikum"}}, {"model": "auth.permission", "pk": 48, "fields": {"name": "Can view template borang penilaian praktikum", "content_type": 12, "codename": "view_templateborangpenilaianpraktikum"}}, {"model": "auth.permission", "pk": 49, "fields": {"name": "Can add mahasiswa praktikum", "content_type": 13, "codename": "add_mahasiswapraktikum"}}, {"model": "auth.permission", "pk": 50, "fields": {"name": "Can change mahasiswa praktikum", "content_type": 13, "codename": "change_mahasiswapraktikum"}}, {"model": "auth.permission", "pk": 51, "fields": {"name": "Can delete mahasiswa praktikum", "content_type": 13, "codename": "delete_mahasiswapraktikum"}}, {"model": "auth.permission", "pk": 52, "fields": {"name": "Can view mahasiswa praktikum", "content_type": 13, "codename": "view_mahasiswapraktikum"}}, {"model": "auth.permission", "pk": 53, "fields": {"name": "Can add laporan borang praktikum", "content_type": 14, "codename": "add_laporanborangpraktikum"}}, {"model": "auth.permission", "pk": 54, "fields": {"name": "Can change laporan borang praktikum", "content_type": 14, "codename": "change_laporanborangpraktikum"}}, {"model": "auth.permission", "pk": 55, "fields": {"name": "Can delete laporan borang praktikum", "content_type": 14, "codename": "delete_laporanborangpraktikum"}}, {"model": "auth.permission", "pk": 56, "fields": {"name": "Can view laporan borang praktikum", "content_type": 14, "codename": "view_laporanborangpraktikum"}}, {"model": "auth.permission", "pk": 57, "fields": {"name": "Can add laporan akhir praktikum", "content_type": 15, "codename": "add_laporanakhirpraktikum"}}, {"model": "auth.permission", "pk": 58, "fields": {"name": "Can change laporan akhir praktikum", "content_type": 15, "codename": "change_laporanakhirpraktikum"}}, {"model": "auth.permission", "pk": 59, "fields": {"name": "Can delete laporan akhir praktikum", "content_type": 15, "codename": "delete_laporanakhirpraktikum"}}, {"model": "auth.permission", "pk": 60, "fields": {"name": "Can view laporan akhir praktikum", "content_type": 15, "codename": "view_laporanakhirpraktikum"}}, {"model": "auth.permission", "pk": 61, "fields": {"name": "Can add kelola laporan praktikum", "content_type": 16, "codename": "add_kelolalaporanpraktikum"}}, {"model": "auth.permission", "pk": 62, "fields": {"name": "Can change kelola laporan praktikum", "content_type": 16, "codename": "change_kelolalaporanpraktikum"}}, {"model": "auth.permission", "pk": 63, "fields": {"name": "Can delete kelola laporan praktikum", "content_type": 16, "codename": "delete_kelolalaporanpraktikum"}}, {"model": "auth.permission", "pk": 64, "fields": {"name": "Can view kelola laporan praktikum", "content_type": 16, "codename": "view_kelolalaporanpraktikum"}}, {"model": "auth.permission", "pk": 65, "fields": {"name": "Can add proxy granting ticket", "content_type": 17, "codename": "add_proxygrantingticket"}}, {"model": "auth.permission", "pk": 66, "fields": {"name": "Can change proxy granting ticket", "content_type": 17, "codename": "change_proxygrantingticket"}}, {"model": "auth.permission", "pk": 67, "fields": {"name": "Can delete proxy granting ticket", "content_type": 17, "codename": "delete_proxygrantingticket"}}, {"model": "auth.permission", "pk": 68, "fields": {"name": "Can view proxy granting ticket", "content_type": 17, "codename": "view_proxygrantingticket"}}, {"model": "auth.permission", "pk": 69, "fields": {"name": "Can add session ticket", "content_type": 18, "codename": "add_sessionticket"}}, {"model": "auth.permission", "pk": 70, "fields": {"name": "Can change session ticket", "content_type": 18, "codename": "change_sessionticket"}}, {"model": "auth.permission", "pk": 71, "fields": {"name": "Can delete session ticket", "content_type": 18, "codename": "delete_sessionticket"}}, {"model": "auth.permission", "pk": 72, "fields": {"name": "Can view session ticket", "content_type": 18, "codename": "view_sessionticket"}}, {"model": "auth.permission", "pk": 73, "fields": {"name": "Can add cors model", "content_type": 19, "codename": "add_corsmodel"}}, {"model": "auth.permission", "pk": 74, "fields": {"name": "Can change cors model", "content_type": 19, "codename": "change_corsmodel"}}, {"model": "auth.permission", "pk": 75, "fields": {"name": "Can delete cors model", "content_type": 19, "codename": "delete_corsmodel"}}, {"model": "auth.permission", "pk": 76, "fields": {"name": "Can view cors model", "content_type": 19, "codename": "view_corsmodel"}}, {"model": "auth.permission", "pk": 77, "fields": {"name": "Can add periode", "content_type": 20, "codename": "add_periode"}}, {"model": "auth.permission", "pk": 78, "fields": {"name": "Can change periode", "content_type": 20, "codename": "change_periode"}}, {"model": "auth.permission", "pk": 79, "fields": {"name": "Can delete periode", "content_type": 20, "codename": "delete_periode"}}, {"model": "auth.permission", "pk": 80, "fields": {"name": "Can view periode", "content_type": 20, "codename": "view_periode"}}, {"model": "auth.permission", "pk": 81, "fields": {"name": "Can add supervisor_sekolah", "content_type": 21, "codename": "add_supervisorsekolah"}}, {"model": "auth.permission", "pk": 82, "fields": {"name": "Can change supervisor_sekolah", "content_type": 21, "codename": "change_supervisorsekolah"}}, {"model": "auth.permission", "pk": 83, "fields": {"name": "Can delete supervisor_sekolah", "content_type": 21, "codename": "delete_supervisorsekolah"}}, {"model": "auth.permission", "pk": 84, "fields": {"name": "Can view supervisor_sekolah", "content_type": 21, "codename": "view_supervisorsekolah"}}, {"model": "auth.permission", "pk": 85, "fields": {"name": "Can add supervisor_lembaga", "content_type": 22, "codename": "add_supervisorlembaga"}}, {"model": "auth.permission", "pk": 86, "fields": {"name": "Can change supervisor_lembaga", "content_type": 22, "codename": "change_supervisorlembaga"}}, {"model": "auth.permission", "pk": 87, "fields": {"name": "Can delete supervisor_lembaga", "content_type": 22, "codename": "delete_supervisorlembaga"}}, {"model": "auth.permission", "pk": 88, "fields": {"name": "Can view supervisor_lembaga", "content_type": 22, "codename": "view_supervisorlembaga"}}, {"model": "auth.permission", "pk": 89, "fields": {"name": "Can add mahasiswa", "content_type": 23, "codename": "add_mahasiswa"}}, {"model": "auth.permission", "pk": 90, "fields": {"name": "Can change mahasiswa", "content_type": 23, "codename": "change_mahasiswa"}}, {"model": "auth.permission", "pk": 91, "fields": {"name": "Can delete mahasiswa", "content_type": 23, "codename": "delete_mahasiswa"}}, {"model": "auth.permission", "pk": 92, "fields": {"name": "Can view mahasiswa", "content_type": 23, "codename": "view_mahasiswa"}}, {"model": "auth.permission", "pk": 93, "fields": {"name": "Can add koordinator_kuliah", "content_type": 24, "codename": "add_koordinatorkuliah"}}, {"model": "auth.permission", "pk": 94, "fields": {"name": "Can change koordinator_kuliah", "content_type": 24, "codename": "change_koordinatorkuliah"}}, {"model": "auth.permission", "pk": 95, "fields": {"name": "Can delete koordinator_kuliah", "content_type": 24, "codename": "delete_koordinatorkuliah"}}, {"model": "auth.permission", "pk": 96, "fields": {"name": "Can view koordinator_kuliah", "content_type": 24, "codename": "view_koordinatorkuliah"}}, {"model": "auth.permission", "pk": 97, "fields": {"name": "Can add administrator", "content_type": 25, "codename": "add_administrator"}}, {"model": "auth.permission", "pk": 98, "fields": {"name": "Can change administrator", "content_type": 25, "codename": "change_administrator"}}, {"model": "auth.permission", "pk": 99, "fields": {"name": "Can delete administrator", "content_type": 25, "codename": "delete_administrator"}}, {"model": "auth.permission", "pk": 100, "fields": {"name": "Can view administrator", "content_type": 25, "codename": "view_administrator"}}, {"model": "auth.permission", "pk": 101, "fields": {"name": "Can add config", "content_type": 26, "codename": "add_config"}}, {"model": "auth.permission", "pk": 102, "fields": {"name": "Can change config", "content_type": 26, "codename": "change_config"}}, {"model": "auth.permission", "pk": 103, "fields": {"name": "Can delete config", "content_type": 26, "codename": "delete_config"}}, {"model": "auth.permission", "pk": 104, "fields": {"name": "Can view config", "content_type": 26, "codename": "view_config"}}, {"model": "auth.user", "pk": 1, "fields": {"password": "pbkdf2_sha256$216000$leFjQ2DxmVjS$tffeRLeWinHP27CpOds5vjBt3HeNInKLCJ9AbpbsiV8=", "last_login": "2020-12-09T11:01:59.681", "is_superuser": false, "username": "username_user0", "first_name": "full_name", "last_name": "user0", "email": "email_user0@mail.com", "is_staff": false, "is_active": true, "date_joined": "2020-10-31T03:50:53.124", "groups": [], "user_permissions": []}}, {"model": "auth.user", "pk": 2, "fields": {"password": "pbkdf2_sha256$180000$HnOHoadGL9so$VVzA0gURanYPKxV4xD+n2UOTAGWElhCjl68BaNidXtA=", "last_login": null, "is_superuser": false, "username": "username_user1", "first_name": "full_name", "last_name": "user1", "email": "email_user1@mail.com", "is_staff": false, "is_active": true, "date_joined": "2020-10-31T03:50:54.036", "groups": [], "user_permissions": []}}, {"model": "auth.user", "pk": 3, "fields": {"password": "pbkdf2_sha256$216000$8PdvCVmsebKU$9R3aYf/YOk0If5vyemqxEuMj1dzDEsD7+FtEgQNuvF0=", "last_login": "2020-11-24T18:12:58.698", "is_superuser": false, "username": "username_user2", "first_name": "full_name", "last_name": "user2", "email": "email_user2@mail.com", "is_staff": false, "is_active": true, "date_joined": "2020-10-31T03:50:54.869", "groups": [], "user_permissions": []}}, {"model": "auth.user", "pk": 4, "fields": {"password": "pbkdf2_sha256$180000$MokG4FPUyUHX$HIbInbI7v/1nHF2bBA4sm9QqS2mmDM8Yny/0o4lbUug=", "last_login": null, "is_superuser": false, "username": "username_user3", "first_name": "full_name", "last_name": "user3", "email": "email_user3@mail.com", "is_staff": false, "is_active": true, "date_joined": "2020-10-31T03:50:55.700", "groups": [], "user_permissions": []}}, {"model": "auth.user", "pk": 5, "fields": {"password": "pbkdf2_sha256$216000$3ZJodURWW0mE$OMhIpxXHreu0Bwnhol3klbSrk2gTg9nH+Vo1xluldH8=", "last_login": "2020-12-10T21:24:46.499", "is_superuser": false, "username": "username_user4", "first_name": "full_name", "last_name": "user4", "email": "email_user4@mail.com", "is_staff": false, "is_active": true, "date_joined": "2020-10-31T03:50:56.536", "groups": [], "user_permissions": []}}, {"model": "auth.user", "pk": 6, "fields": {"password": "pbkdf2_sha256$180000$OGPwEIvDaQpn$MpMirE37sbv4l8+MMxvLWuoBtoiU3XdnCcWvtm8nOtw=", "last_login": null, "is_superuser": false, "username": "username_user5", "first_name": "full_name", "last_name": "user5", "email": "email_user5@mail.com", "is_staff": false, "is_active": true, "date_joined": "2020-10-31T03:50:57.369", "groups": [], "user_permissions": []}}, {"model": "auth.user", "pk": 7, "fields": {"password": "pbkdf2_sha256$180000$uw1ZxF1ekG4R$Lx4QM/Yzeb+9GV4DNdqridQ0GYMirblLa6CiwGBXvGU=", "last_login": null, "is_superuser": false, "username": "username_user6", "first_name": "full_name", "last_name": "user6", "email": "email_user6@mail.com", "is_staff": false, "is_active": true, "date_joined": "2020-10-31T03:50:58.265", "groups": [], "user_permissions": []}}, {"model": "auth.user", "pk": 8, "fields": {"password": "pbkdf2_sha256$180000$I3kjTz50yrr3$mJuhi+aPjKyRY3aOfiwwTRup6erpoZ9T1md1+cJqmIw=", "last_login": null, "is_superuser": false, "username": "username_user7", "first_name": "full_name", "last_name": "user7", "email": "email_user7@mail.com", "is_staff": false, "is_active": true, "date_joined": "2020-10-31T03:50:59.097", "groups": [], "user_permissions": []}}, {"model": "auth.user", "pk": 9, "fields": {"password": "pbkdf2_sha256$180000$yAo6GcxIhc1y$R/V1o/t0EhamLyTeB07RSUKbJ4lhY55r6gxjYaUiHNs=", "last_login": null, "is_superuser": false, "username": "username_user8", "first_name": "full_name", "last_name": "user8", "email": "email_user8@mail.com", "is_staff": false, "is_active": true, "date_joined": "2020-10-31T03:50:59.931", "groups": [], "user_permissions": []}}, {"model": "auth.user", "pk": 10, "fields": {"password": "pbkdf2_sha256$180000$7WcEdc7zaHAT$Lvymu2SleGcSbIBukEZwVDfakeJbxS2YjEPQdQHG47w=", "last_login": null, "is_superuser": false, "username": "username_user9", "first_name": "full_name", "last_name": "user9", "email": "email_user9@mail.com", "is_staff": false, "is_active": true, "date_joined": "2020-10-31T03:51:00.774", "groups": [], "user_permissions": []}}, {"model": "auth.user", "pk": 11, "fields": {"password": "pbkdf2_sha256$180000$xnVPV2ZzTqDl$FRDz3kyHGzkO7lC3/cF5C67Nq78qI6JrhZXlQSmBGwE=", "last_login": null, "is_superuser": false, "username": "username_user10", "first_name": "full_name", "last_name": "user10", "email": "email_user10@mail.com", "is_staff": false, "is_active": true, "date_joined": "2020-10-31T03:51:01.599", "groups": [], "user_permissions": []}}, {"model": "auth.user", "pk": 12, "fields": {"password": "pbkdf2_sha256$180000$H0NAv6Aw3N2p$rTEpGIoTo0ZskQdj4GRDIBvX4fVHK8vmo4UtB+rqAnI=", "last_login": null, "is_superuser": false, "username": "username_user11", "first_name": "full_name", "last_name": "user11", "email": "email_user11@mail.com", "is_staff": false, "is_active": true, "date_joined": "2020-10-31T03:51:02.418", "groups": [], "user_permissions": []}}, {"model": "auth.user", "pk": 13, "fields": {"password": "pbkdf2_sha256$180000$IjzYPJljYSbZ$/n4Wkic3dJ3P/VDuuoHZYXXrmx/AmV5WxmaLD60QY8s=", "last_login": null, "is_superuser": false, "username": "username_user12", "first_name": "full_name", "last_name": "user12", "email": "email_user12@mail.com", "is_staff": false, "is_active": true, "date_joined": "2020-10-31T03:51:03.228", "groups": [], "user_permissions": []}}, {"model": "auth.user", "pk": 14, "fields": {"password": "pbkdf2_sha256$180000$hlQzbTRy3aLw$cI9K0qMh8+xs201WgoLlbv9bYD+8Kw0zQr6Ddc0SCx4=", "last_login": null, "is_superuser": false, "username": "username_user13", "first_name": "full_name", "last_name": "user13", "email": "email_user13@mail.com", "is_staff": false, "is_active": true, "date_joined": "2020-10-31T03:51:04.054", "groups": [], "user_permissions": []}}, {"model": "auth.user", "pk": 15, "fields": {"password": "pbkdf2_sha256$180000$m1syz139kpUw$+QourC4uMwxur4zFXakZa9Xj+3XcTYMCvAADuqq/5G8=", "last_login": null, "is_superuser": false, "username": "username_user14", "first_name": "full_name", "last_name": "user14", "email": "email_user14@mail.com", "is_staff": false, "is_active": true, "date_joined": "2020-10-31T03:51:04.873", "groups": [], "user_permissions": []}}, {"model": "auth.user", "pk": 16, "fields": {"password": "pbkdf2_sha256$180000$JO53zWbYonXG$Ib2eOio0XHeolJBqvHGkvX727NWcY4RzsgNsmzVp7v0=", "last_login": null, "is_superuser": false, "username": "username_user15", "first_name": "full_name", "last_name": "user15", "email": "email_user15@mail.com", "is_staff": false, "is_active": true, "date_joined": "2020-10-31T03:51:05.745", "groups": [], "user_permissions": []}}, {"model": "auth.user", "pk": 17, "fields": {"password": "pbkdf2_sha256$180000$r6j88bh3AKEt$bLQNxFAFPlJX+cPqWhiEcmVnm9QrMiMhsmYKDwwqLOk=", "last_login": null, "is_superuser": false, "username": "username_user16", "first_name": "full_name", "last_name": "user16", "email": "email_user16@mail.com", "is_staff": false, "is_active": true, "date_joined": "2020-10-31T03:51:06.581", "groups": [], "user_permissions": []}}, {"model": "auth.user", "pk": 18, "fields": {"password": "pbkdf2_sha256$180000$12STaQpbKvwc$pORBNHnEe3zBrcI6CEYn3VJVOZwF1CQllffj92Th87o=", "last_login": null, "is_superuser": false, "username": "username_user17", "first_name": "full_name", "last_name": "user17", "email": "email_user17@mail.com", "is_staff": false, "is_active": true, "date_joined": "2020-10-31T03:51:07.466", "groups": [], "user_permissions": []}}, {"model": "auth.user", "pk": 19, "fields": {"password": "pbkdf2_sha256$216000$4XjnsZ811cdE$94MU74BKig0yph8I9coHBJXI+jTguVh8NwnE2Q2wvQ0=", "last_login": "2020-12-11T00:25:52.347", "is_superuser": true, "username": "admin", "first_name": "", "last_name": "", "email": "admin@ppl.com", "is_staff": true, "is_active": true, "date_joined": "2020-10-31T03:51:09.204", "groups": [], "user_permissions": []}}, {"model": "auth.user", "pk": 20, "fields": {"password": "ga_perlu_password", "last_login": "2020-12-10T21:56:03.548", "is_superuser": false, "username": "annisaa.fitri51", "first_name": "Annisaa", "last_name": "Fitri Shabrina", "email": "annisaa.fitri51@ui.ac.id", "is_staff": false, "is_active": true, "date_joined": "2020-11-10T05:40:57", "groups": [], "user_permissions": []}}, {"model": "auth.user", "pk": 27, "fields": {"password": "pbkdf2_sha256$216000$bBoFlPOzEQYM$E5azzhUBzyh63H10iTBtHlvj93kopkCzDS+CJyKNfNo=", "last_login": "2020-12-10T21:44:33.546", "is_superuser": false, "username": "budi_doremi", "first_name": "Budi", "last_name": "", "email": "budi_doremi@email.com", "is_staff": false, "is_active": true, "date_joined": "2020-11-13T03:53:10", "groups": [], "user_permissions": []}}, {"model": "auth.user", "pk": 29, "fields": {"password": "pbkdf2_sha256$216000$TPngQAglHMZX$1g87PQ/wp7v5dNeQPDflPSLkbIhjddfCUylzUs+Gwj8=", "last_login": "2020-11-24T10:16:33.916", "is_superuser": false, "username": "budhidharma", "first_name": "Budhi", "last_name": "Dharma", "email": "budhidharma@ui.ac.id", "is_staff": false, "is_active": true, "date_joined": "2020-11-16T00:10:56", "groups": [], "user_permissions": []}}, {"model": "auth.user", "pk": 30, "fields": {"password": "pbkdf2_sha256$216000$G7vCaS0ZSUhc$7YFJ/fN8PiwSLZIhknUEIn7nAui8OyupcWE5K8DOfKI=", "last_login": null, "is_superuser": false, "username": "wisni.bantarti09", "first_name": "Wisni", "last_name": "Bantarti", "email": "wisni.bantarti09@ui.ac.id", "is_staff": false, "is_active": true, "date_joined": "2020-11-16T00:12:43", "groups": [], "user_permissions": []}}, {"model": "auth.user", "pk": 38, "fields": {"password": "!uC7GRV2ktWE06kf6KrTdns1PwcgESkwZfdewfNPz", "last_login": "2020-12-10T21:30:34.274", "is_superuser": false, "username": "figo.muhammad", "first_name": "Figo", "last_name": "Muhammad", "email": "figo.muhammad@ui.ac.id", "is_staff": false, "is_active": true, "date_joined": "2020-12-10T21:25:27", "groups": [], "user_permissions": []}}, {"model": "auth.user", "pk": 39, "fields": {"password": "!4dxmtK8RJdA784KlkjzI569dROYIBoZpO9Ff5U6P", "last_login": null, "is_superuser": false, "username": "nabila.edina", "first_name": "Nabila", "last_name": "Edina", "email": "nabila.edina@ui.ac.id", "is_staff": false, "is_active": true, "date_joined": "2020-12-10T21:25:27", "groups": [], "user_permissions": []}}, {"model": "auth.user", "pk": 40, "fields": {"password": "!0j8Shagfob6tDK0HOC6JUYZLNd3ZiCfHVde9noty", "last_login": "2020-12-11T00:27:49.585", "is_superuser": false, "username": "harold.hotma", "first_name": "Harold", "last_name": "Hotma", "email": "harold.hotma@ui.ac.id", "is_staff": false, "is_active": true, "date_joined": "2020-12-10T21:25:51", "groups": [], "user_permissions": []}}, {"model": "auth.user", "pk": 41, "fields": {"password": "!J78Ry3ds6NToubDianPplMJ8T5nkaYu9gZOEODPt", "last_login": "2020-12-10T23:10:59.678", "is_superuser": false, "username": "fransiscus.emmanuel", "first_name": "Fransiscus", "last_name": "Bunaren", "email": "fransiscus.emmanuel@ui.ac.id", "is_staff": false, "is_active": true, "date_joined": "2020-12-10T21:25:51", "groups": [], "user_permissions": []}}, {"model": "authentication.supervisorsekolah", "pk": 1, "fields": {"user": 2, "nip": "165587668158"}}, {"model": "authentication.supervisorsekolah", "pk": 2, "fields": {"user": 11, "nip": "171095499117"}}, {"model": "authentication.supervisorsekolah", "pk": 3, "fields": {"user": 20, "nip": "112233445566"}}, {"model": "authentication.supervisorsekolah", "pk": 5, "fields": {"user": 29, "nip": "102030405060"}}, {"model": "authentication.supervisorsekolah", "pk": 6, "fields": {"user": 30, "nip": "010203040506"}}, {"model": "authentication.supervisorsekolah", "pk": 48, "fields": {"user": 38, "nip": "1234567890"}}, {"model": "authentication.supervisorlembaga", "pk": 4, "fields": {"user": 27, "lembaga": 8, "jabatan": "CEO"}}, {"model": "authentication.administrator", "pk": 1, "fields": {"user": 5, "nip": "112021023739"}}, {"model": "authentication.administrator", "pk": 2, "fields": {"user": 14, "nip": "134984760197"}}, {"model": "authentication.administrator", "pk": 3, "fields": {"user": 39, "nip": "987654321"}}, {"model": "authentication.periode", "pk": 1, "fields": {"nama": "2018/2019 - Gasal"}}, {"model": "authentication.periode", "pk": 2, "fields": {"nama": "2018/2019 - Genap"}}, {"model": "authentication.periode", "pk": 3, "fields": {"nama": "2019/2020 - Gasal"}}, {"model": "authentication.periode", "pk": 4, "fields": {"nama": "2020/2021 - Genap"}}, {"model": "authentication.periode", "pk": 5, "fields": {"nama": "2020/2021 - Gasal"}}, {"model": "authentication.periode", "pk": 6, "fields": {"nama": "2019/2020 - Genap"}}, {"model": "authentication.mahasiswa", "pk": 23, "fields": {"user": 1, "org_code": "TEST", "npm": "1806253844", "faculty": "Fasilkom", "major": "CS", "program": "Test", "periode": 5, "supervisor_sekolah": 11, "supervisor_lembaga": 27}}, {"model": "authentication.mahasiswa", "pk": 61, "fields": {"user": 40, "org_code": "", "npm": "1806241085", "faculty": "", "major": "", "program": "", "periode": 1, "supervisor_sekolah": 38, "supervisor_lembaga": 27}}, {"model": "authentication.mahasiswa", "pk": 62, "fields": {"user": 41, "org_code": "", "npm": "1801801801", "faculty": "", "major": "", "program": "", "periode": 6, "supervisor_sekolah": 38, "supervisor_lembaga": 27}}, {"model": "authentication.koordinatorkuliah", "pk": 1, "fields": {"user": 4, "nip": "195595154900"}}, {"model": "authentication.koordinatorkuliah", "pk": 2, "fields": {"user": 13, "nip": "121526197823"}}, {"model": "authentication.koordinatorkuliah", "pk": 5, "fields": {"user": 30, "nip": "010203040506"}}, {"model": "authentication.koordinatorkuliah", "pk": 7, "fields": {"user": 20, "nip": "1029384756"}}, {"model": "authentication.koordinatorkuliah", "pk": 9, "fields": {"user": 27, "nip": "5647382910"}}, {"model": "authentication.koordinatorkuliah", "pk": 16, "fields": {"user": 39, "nip": "987654321"}}, {"model": "authentication.koordinatorkuliah", "pk": 17, "fields": {"user": 41, "nip": "1806173506"}}, {"model": "authentication.koordinatorkuliah", "pk": 18, "fields": {"user": 40, "nip": "111111111111"}}, {"model": "authentication.config", "pk": 1, "fields": {"key": "file_name_sheet_dosen", "value": "DataDosen.xlsx"}}, {"model": "authentication.config", "pk": 2, "fields": {"key": "file_date_sheet_dosen", "value": "10-Dec-2020 (21:25:27)"}}, {"model": "authentication.config", "pk": 3, "fields": {"key": "file_name_sheet_mahasiswa", "value": "DataMahasiswa.xlsx"}}, {"model": "authentication.config", "pk": 4, "fields": {"key": "file_date_sheet_mahasiswa", "value": "10-Dec-2020 (21:25:50)"}}, {"model": "laporan_praktikum.praktikum", "pk": 1, "fields": {"jenis_praktikum": "Praktikum 1"}}, {"model": "laporan_praktikum.praktikum", "pk": 2, "fields": {"jenis_praktikum": "Praktikum 2"}}, {"model": "laporan_praktikum.mahasiswapraktikum", "pk": 38, "fields": {"mahasiswa": 40, "list_praktikum": "Praktikum 1", "status": true}}, {"model": "laporan_praktikum.mahasiswapraktikum", "pk": 39, "fields": {"mahasiswa": 40, "list_praktikum": "Praktikum 2", "status": false}}, {"model": "laporan_praktikum.mahasiswapraktikum", "pk": 40, "fields": {"mahasiswa": 41, "list_praktikum": "Praktikum 1", "status": true}}, {"model": "laporan_praktikum.mahasiswapraktikum", "pk": 41, "fields": {"mahasiswa": 41, "list_praktikum": "Praktikum 2", "status": false}}, {"model": "laporan_praktikum.kelolalaporanpraktikum", "pk": 180, "fields": {"nama_laporan": "Laporan Minggu 1", "waktu_deadline": "2020-12-14T21:57:00", "waktu_submisi": "2020-12-10T21:57:30", "waktu_nilai_supv_sekolah": "2020-12-16T21:58:17", "waktu_nilai_supv_lembaga": "2020-12-16T22:26:14", "status_publikasi": true, "status_submisi": true, "skor_laporan_sekolah": 44, "skor_laporan_lembaga": 55, "mahasiswa": 40, "jenis_praktikum": "Praktikum 1", "link_submisi": "https://yandex.com"}}, {"model": "laporan_praktikum.kelolalaporanpraktikum", "pk": 181, "fields": {"nama_laporan": "Laporan Minggu 2", "waktu_deadline": "2020-12-22T22:08:00", "waktu_submisi": "2020-12-10T22:10:00", "waktu_nilai_supv_sekolah": "2020-12-23T22:11:26", "waktu_nilai_supv_lembaga": "2020-12-23T22:27:00", "status_publikasi": true, "status_submisi": true, "skor_laporan_sekolah": 67, "skor_laporan_lembaga": 70, "mahasiswa": 40, "jenis_praktikum": "Praktikum 1", "link_submisi": "http://www.google.com"}}, {"model": "laporan_praktikum.kelolalaporanpraktikum", "pk": 182, "fields": {"nama_laporan": "Laporan Minggu 3", "waktu_deadline": "2020-12-30T22:44:00", "waktu_submisi": "2020-12-10T22:48:00", "waktu_nilai_supv_sekolah": null, "waktu_nilai_supv_lembaga": null, "status_publikasi": true, "status_submisi": true, "skor_laporan_sekolah": -1, "skor_laporan_lembaga": -1, "mahasiswa": 40, "jenis_praktikum": "Praktikum 1", "link_submisi": "1234qwer"}}, {"model": "laporan_praktikum.kelolalaporanpraktikum", "pk": 183, "fields": {"nama_laporan": "Laporan Minggu 4", "waktu_deadline": "2021-01-07T22:44:00", "waktu_submisi": "2020-12-11T00:27:00", "waktu_nilai_supv_sekolah": null, "waktu_nilai_supv_lembaga": null, "status_publikasi": true, "status_submisi": true, "skor_laporan_sekolah": -1, "skor_laporan_lembaga": -1, "mahasiswa": 40, "jenis_praktikum": "Praktikum 1", "link_submisi": "-_-"}}, {"model": "laporan_praktikum.kelolalaporanpraktikum", "pk": 184, "fields": {"nama_laporan": "Laporan Minggu 5", "waktu_deadline": "2021-01-15T22:44:00", "waktu_submisi": null, "waktu_nilai_supv_sekolah": null, "waktu_nilai_supv_lembaga": null, "status_publikasi": true, "status_submisi": false, "skor_laporan_sekolah": -1, "skor_laporan_lembaga": -1, "mahasiswa": 40, "jenis_praktikum": "Praktikum 1", "link_submisi": null}}, {"model": "laporan_praktikum.kelolalaporanpraktikum", "pk": 185, "fields": {"nama_laporan": "Laporan Minggu 6", "waktu_deadline": "2021-01-23T22:44:00", "waktu_submisi": null, "waktu_nilai_supv_sekolah": null, "waktu_nilai_supv_lembaga": null, "status_publikasi": true, "status_submisi": false, "skor_laporan_sekolah": -1, "skor_laporan_lembaga": -1, "mahasiswa": 40, "jenis_praktikum": "Praktikum 1", "link_submisi": null}}, {"model": "laporan_praktikum.kelolalaporanpraktikum", "pk": 186, "fields": {"nama_laporan": "Laporan Minggu 7", "waktu_deadline": "2021-01-31T22:44:00", "waktu_submisi": null, "waktu_nilai_supv_sekolah": null, "waktu_nilai_supv_lembaga": null, "status_publikasi": true, "status_submisi": false, "skor_laporan_sekolah": -1, "skor_laporan_lembaga": -1, "mahasiswa": 40, "jenis_praktikum": "Praktikum 1", "link_submisi": null}}, {"model": "laporan_praktikum.kelolalaporanpraktikum", "pk": 187, "fields": {"nama_laporan": "Laporan Minggu 8", "waktu_deadline": "2021-02-10T22:44:00", "waktu_submisi": null, "waktu_nilai_supv_sekolah": null, "waktu_nilai_supv_lembaga": null, "status_publikasi": true, "status_submisi": false, "skor_laporan_sekolah": -1, "skor_laporan_lembaga": -1, "mahasiswa": 40, "jenis_praktikum": "Praktikum 1", "link_submisi": null}}, {"model": "laporan_praktikum.kelolalaporanpraktikum", "pk": 188, "fields": {"nama_laporan": "Laporan Minggu 9", "waktu_deadline": "2021-02-18T22:44:00", "waktu_submisi": null, "waktu_nilai_supv_sekolah": null, "waktu_nilai_supv_lembaga": null, "status_publikasi": true, "status_submisi": false, "skor_laporan_sekolah": -1, "skor_laporan_lembaga": -1, "mahasiswa": 40, "jenis_praktikum": "Praktikum 1", "link_submisi": null}}, {"model": "laporan_praktikum.kelolalaporanpraktikum", "pk": 189, "fields": {"nama_laporan": "Laporan Minggu 10", "waktu_deadline": "2021-02-26T22:44:00", "waktu_submisi": null, "waktu_nilai_supv_sekolah": null, "waktu_nilai_supv_lembaga": null, "status_publikasi": true, "status_submisi": false, "skor_laporan_sekolah": -2, "skor_laporan_lembaga": -1, "mahasiswa": 40, "jenis_praktikum": "Praktikum 1", "link_submisi": null}}, {"model": "laporan_praktikum.kelolalaporanpraktikum", "pk": 190, "fields": {"nama_laporan": "Laporan Minggu 11", "waktu_deadline": "2021-03-06T22:44:00", "waktu_submisi": null, "waktu_nilai_supv_sekolah": null, "waktu_nilai_supv_lembaga": null, "status_publikasi": true, "status_submisi": false, "skor_laporan_sekolah": -1, "skor_laporan_lembaga": -1, "mahasiswa": 40, "jenis_praktikum": "Praktikum 1", "link_submisi": null}}, {"model": "laporan_praktikum.kelolalaporanpraktikum", "pk": 191, "fields": {"nama_laporan": "Laporan Minggu 12", "waktu_deadline": "2021-03-20T22:44:00", "waktu_submisi": null, "waktu_nilai_supv_sekolah": null, "waktu_nilai_supv_lembaga": null, "status_publikasi": true, "status_submisi": false, "skor_laporan_sekolah": -1, "skor_laporan_lembaga": -1, "mahasiswa": 40, "jenis_praktikum": "Praktikum 1", "link_submisi": null}}, {"model": "laporan_praktikum.kelolalaporanpraktikum", "pk": 192, "fields": {"nama_laporan": "Laporan Minggu 13", "waktu_deadline": "2021-03-31T22:44:00", "waktu_submisi": null, "waktu_nilai_supv_sekolah": null, "waktu_nilai_supv_lembaga": null, "status_publikasi": true, "status_submisi": false, "skor_laporan_sekolah": -1, "skor_laporan_lembaga": -1, "mahasiswa": 40, "jenis_praktikum": "Praktikum 1", "link_submisi": null}}, {"model": "laporan_praktikum.kelolalaporanpraktikum", "pk": 193, "fields": {"nama_laporan": "Laporan Minggu 14", "waktu_deadline": "2021-04-07T22:44:00", "waktu_submisi": null, "waktu_nilai_supv_sekolah": null, "waktu_nilai_supv_lembaga": null, "status_publikasi": true, "status_submisi": false, "skor_laporan_sekolah": -1, "skor_laporan_lembaga": -1, "mahasiswa": 40, "jenis_praktikum": "Praktikum 1", "link_submisi": null}}, {"model": "laporan_praktikum.kelolalaporanpraktikum", "pk": 194, "fields": {"nama_laporan": "Laporan Minggu 1", "waktu_deadline": "2020-12-14T22:51:00", "waktu_submisi": null, "waktu_nilai_supv_sekolah": null, "waktu_nilai_supv_lembaga": null, "status_publikasi": true, "status_submisi": false, "skor_laporan_sekolah": -1, "skor_laporan_lembaga": -1, "mahasiswa": 41, "jenis_praktikum": "Praktikum 1", "link_submisi": null}}, {"model": "laporan_praktikum.kelolalaporanpraktikum", "pk": 195, "fields": {"nama_laporan": "Laporan Minggu 2", "waktu_deadline": "2020-12-22T22:51:00", "waktu_submisi": "2020-12-10T22:56:00", "waktu_nilai_supv_sekolah": null, "waktu_nilai_supv_lembaga": null, "status_publikasi": true, "status_submisi": true, "skor_laporan_sekolah": -1, "skor_laporan_lembaga": -1, "mahasiswa": 41, "jenis_praktikum": "Praktikum 1", "link_submisi": "javascript:alert(\"xss\")"}}, {"model": "laporan_praktikum.kelolalaporanpraktikum", "pk": 196, "fields": {"nama_laporan": "Laporan Minggu 3", "waktu_deadline": "2020-12-30T22:51:00", "waktu_submisi": null, "waktu_nilai_supv_sekolah": null, "waktu_nilai_supv_lembaga": null, "status_publikasi": true, "status_submisi": false, "skor_laporan_sekolah": -1, "skor_laporan_lembaga": -1, "mahasiswa": 41, "jenis_praktikum": "Praktikum 1", "link_submisi": null}}, {"model": "laporan_praktikum.kelolalaporanpraktikum", "pk": 197, "fields": {"nama_laporan": "Laporan Minggu 4", "waktu_deadline": "2021-01-07T22:51:00", "waktu_submisi": null, "waktu_nilai_supv_sekolah": null, "waktu_nilai_supv_lembaga": null, "status_publikasi": true, "status_submisi": false, "skor_laporan_sekolah": -1, "skor_laporan_lembaga": -1, "mahasiswa": 41, "jenis_praktikum": "Praktikum 1", "link_submisi": null}}, {"model": "laporan_praktikum.kelolalaporanpraktikum", "pk": 198, "fields": {"nama_laporan": "Laporan Minggu 5", "waktu_deadline": "2021-01-15T22:51:00", "waktu_submisi": null, "waktu_nilai_supv_sekolah": null, "waktu_nilai_supv_lembaga": null, "status_publikasi": true, "status_submisi": false, "skor_laporan_sekolah": -1, "skor_laporan_lembaga": -1, "mahasiswa": 41, "jenis_praktikum": "Praktikum 1", "link_submisi": null}}, {"model": "laporan_praktikum.kelolalaporanpraktikum", "pk": 199, "fields": {"nama_laporan": "Laporan Minggu 6", "waktu_deadline": "2021-01-23T22:51:00", "waktu_submisi": null, "waktu_nilai_supv_sekolah": null, "waktu_nilai_supv_lembaga": null, "status_publikasi": true, "status_submisi": false, "skor_laporan_sekolah": -1, "skor_laporan_lembaga": -1, "mahasiswa": 41, "jenis_praktikum": "Praktikum 1", "link_submisi": null}}, {"model": "laporan_praktikum.kelolalaporanpraktikum", "pk": 200, "fields": {"nama_laporan": "Laporan Minggu 7", "waktu_deadline": "2021-01-31T22:51:00", "waktu_submisi": null, "waktu_nilai_supv_sekolah": null, "waktu_nilai_supv_lembaga": null, "status_publikasi": true, "status_submisi": false, "skor_laporan_sekolah": -1, "skor_laporan_lembaga": -1, "mahasiswa": 41, "jenis_praktikum": "Praktikum 1", "link_submisi": null}}, {"model": "laporan_praktikum.kelolalaporanpraktikum", "pk": 201, "fields": {"nama_laporan": "Laporan Minggu 8", "waktu_deadline": "2021-02-08T22:51:00", "waktu_submisi": null, "waktu_nilai_supv_sekolah": null, "waktu_nilai_supv_lembaga": null, "status_publikasi": true, "status_submisi": false, "skor_laporan_sekolah": -1, "skor_laporan_lembaga": -1, "mahasiswa": 41, "jenis_praktikum": "Praktikum 1", "link_submisi": null}}, {"model": "laporan_praktikum.kelolalaporanpraktikum", "pk": 202, "fields": {"nama_laporan": "Laporan Minggu 9", "waktu_deadline": "2021-02-16T22:51:00", "waktu_submisi": null, "waktu_nilai_supv_sekolah": null, "waktu_nilai_supv_lembaga": null, "status_publikasi": true, "status_submisi": false, "skor_laporan_sekolah": -1, "skor_laporan_lembaga": -1, "mahasiswa": 41, "jenis_praktikum": "Praktikum 1", "link_submisi": null}}, {"model": "laporan_praktikum.kelolalaporanpraktikum", "pk": 203, "fields": {"nama_laporan": "Laporan Minggu 10", "waktu_deadline": "2021-02-24T22:51:00", "waktu_submisi": null, "waktu_nilai_supv_sekolah": null, "waktu_nilai_supv_lembaga": null, "status_publikasi": true, "status_submisi": false, "skor_laporan_sekolah": -1, "skor_laporan_lembaga": -1, "mahasiswa": 41, "jenis_praktikum": "Praktikum 1", "link_submisi": null}}, {"model": "laporan_praktikum.kelolalaporanpraktikum", "pk": 204, "fields": {"nama_laporan": "Laporan Minggu 11", "waktu_deadline": "2021-03-04T22:51:00", "waktu_submisi": null, "waktu_nilai_supv_sekolah": null, "waktu_nilai_supv_lembaga": null, "status_publikasi": true, "status_submisi": false, "skor_laporan_sekolah": -1, "skor_laporan_lembaga": -1, "mahasiswa": 41, "jenis_praktikum": "Praktikum 1", "link_submisi": null}}, {"model": "laporan_praktikum.kelolalaporanpraktikum", "pk": 205, "fields": {"nama_laporan": "Laporan Minggu 12", "waktu_deadline": "2021-03-12T22:51:00", "waktu_submisi": null, "waktu_nilai_supv_sekolah": null, "waktu_nilai_supv_lembaga": null, "status_publikasi": true, "status_submisi": false, "skor_laporan_sekolah": -1, "skor_laporan_lembaga": -1, "mahasiswa": 41, "jenis_praktikum": "Praktikum 1", "link_submisi": null}}, {"model": "laporan_praktikum.kelolalaporanpraktikum", "pk": 206, "fields": {"nama_laporan": "Laporan Minggu 13", "waktu_deadline": "2021-03-20T22:51:00", "waktu_submisi": null, "waktu_nilai_supv_sekolah": null, "waktu_nilai_supv_lembaga": null, "status_publikasi": true, "status_submisi": false, "skor_laporan_sekolah": -1, "skor_laporan_lembaga": -1, "mahasiswa": 41, "jenis_praktikum": "Praktikum 1", "link_submisi": null}}, {"model": "laporan_praktikum.kelolalaporanpraktikum", "pk": 207, "fields": {"nama_laporan": "Laporan Minggu 14", "waktu_deadline": "2021-03-31T22:51:00", "waktu_submisi": null, "waktu_nilai_supv_sekolah": null, "waktu_nilai_supv_lembaga": null, "status_publikasi": true, "status_submisi": false, "skor_laporan_sekolah": -1, "skor_laporan_lembaga": -1, "mahasiswa": 41, "jenis_praktikum": "Praktikum 1", "link_submisi": null}}, {"model": "laporan_praktikum.laporanakhirpraktikum", "pk": 82, "fields": {"nama_laporan": "Laporan Akhir", "waktu_deadline": "2021-03-10T21:32:00", "waktu_submisi": "2020-12-10T21:35:00", "waktu_nilai_supv_sekolah": null, "waktu_nilai_supv_lembaga": "2020-12-10T21:46:02.957", "status_publikasi": true, "status_submisi": true, "skor_laporan_sekolah": -1, "skor_laporan_lembaga": 90, "mahasiswa": 40, "jenis_praktikum": "Praktikum 1", "lembaga": 8, "periode_praktikum": "2018/2019 - Gasal", "laporan_akhir": "Evaluasi_Praktikum_Revisi.doc", "profil_lembaga": "Evaluasi_Praktikum_Revisi_B4GZS1M.doc", "umpan_balik": " "}}, {"model": "laporan_praktikum.laporanakhirpraktikum", "pk": 83, "fields": {"nama_laporan": "Laporan Akhir", "waktu_deadline": "2021-05-28T17:51:00", "waktu_submisi": null, "waktu_nilai_supv_sekolah": null, "waktu_nilai_supv_lembaga": null, "status_publikasi": true, "status_submisi": false, "skor_laporan_sekolah": -1, "skor_laporan_lembaga": -1, "mahasiswa": 41, "jenis_praktikum": "Praktikum 1", "lembaga": null, "periode_praktikum": " ", "laporan_akhir": "", "profil_lembaga": "", "umpan_balik": " "}}, {"model": "laporan_praktikum.laporanborangpraktikum", "pk": 70, "fields": {"nama_laporan": "Borang Penilaian Praktikum", "waktu_deadline": "2021-03-10T21:32:00", "waktu_submisi": "2020-12-10T21:36:00", "waktu_nilai_supv_sekolah": null, "waktu_nilai_supv_lembaga": null, "status_publikasi": true, "status_submisi": true, "skor_laporan_sekolah": -1, "skor_laporan_lembaga": -1, "mahasiswa": 40, "jenis_praktikum": "Praktikum 1", "borang_supv_sekolah": "Evaluasi_Praktikum_Revisi_aoMPeoZ.doc", "borang_supv_lembaga": "Evaluasi_Praktikum_Revisi_wEyXQZX.doc", "borang_supv_perkuliahan": "Evaluasi_Praktikum_Revisi_iQIplQS.doc"}}, {"model": "laporan_praktikum.laporanborangpraktikum", "pk": 71, "fields": {"nama_laporan": "Borang Penilaian Praktikum", "waktu_deadline": "2021-03-26T22:51:00", "waktu_submisi": null, "waktu_nilai_supv_sekolah": null, "waktu_nilai_supv_lembaga": null, "status_publikasi": true, "status_submisi": false, "skor_laporan_sekolah": -1, "skor_laporan_lembaga": -1, "mahasiswa": 41, "jenis_praktikum": "Praktikum 1", "borang_supv_sekolah": "", "borang_supv_lembaga": "", "borang_supv_perkuliahan": ""}}, {"model": "laporan_praktikum.templateborangpenilaianpraktikum", "pk": 1, "fields": {"supervisor_sekolah": 29, "t_borang_supv_sekolah": "budhidharma/t_borang_supv_sekolah/Ini_cumin_buat_percobaan_ppl.pdf", "t_borang_supv_lembaga": "budhidharma/t_borang_supv_sekolah/Ini_cumin_buat_percobaan_ppl_LcHoRmq.pdf", "t_borang_supv_perkuliahan": "budhidharma/t_borang_supv_sekolah/Ini_cumin_buat_percobaan_ppl_LbINhnu.pdf"}}, {"model": "laporan_praktikum.templateborangpenilaianpraktikum", "pk": 7, "fields": {"supervisor_sekolah": 38, "t_borang_supv_sekolah": "figo.muhammad/t_borang_supv_sekolah/test_template_borang.pdf", "t_borang_supv_lembaga": "figo.muhammad/t_borang_supv_sekolah/test_template_borang_GsOdevU.pdf", "t_borang_supv_perkuliahan": "figo.muhammad/t_borang_supv_sekolah/test_template_borang_3WwIOZ2.pdf"}}, {"model": "lembaga.institusi", "pk": 1, "fields": {"nama": "Government Organisation"}}, {"model": "lembaga.institusi", "pk": 2, "fields": {"nama": "Non Government Organisation"}}, {"model": "lembaga.institusi", "pk": 3, "fields": {"nama": "Komunitas"}}, {"model": "lembaga.institusi", "pk": 4, "fields": {"nama": "Perusahaan"}}, {"model": "lembaga.institusi", "pk": 5, "fields": {"nama": "Pendidikan"}}, {"model": "lembaga.tema", "pk": 1, "fields": {"nama": "Lingkungan"}}, {"model": "lembaga.tema", "pk": 2, "fields": {"nama": "HRD"}}, {"model": "lembaga.tema", "pk": 3, "fields": {"nama": "CSR "}}, {"model": "lembaga.tema", "pk": 4, "fields": {"nama": "Anak dan Remaja"}}, {"model": "lembaga.tema", "pk": 5, "fields": {"nama": "Lansia"}}, {"model": "lembaga.tema", "pk": 6, "fields": {"nama": "Disabilitas"}}, {"model": "lembaga.tema", "pk": 7, "fields": {"nama": "Gender/Perempuan"}}, {"model": "lembaga.tema", "pk": 8, "fields": {"nama": "Pemberdayaan Masyarakat"}}, {"model": "lembaga.tema", "pk": 9, "fields": {"nama": "Penanganan Kemiskinan"}}, {"model": "lembaga.tema", "pk": 10, "fields": {"nama": "Kesehatan"}}, {"model": "lembaga.tema", "pk": 11, "fields": {"nama": "Edukasi"}}, {"model": "lembaga.lingkupkerja", "pk": 6, "fields": {"nama": "Komputer"}}, {"model": "lembaga.lingkupkerja", "pk": 7, "fields": {"nama": "Edukasi"}}, {"model": "lembaga.lingkupkerja", "pk": 8, "fields": {"nama": "Bisnis"}}, {"model": "lembaga.lingkupkerja", "pk": 9, "fields": {"nama": "Jasa"}}, {"model": "lembaga.lembaga", "pk": 6, "fields": {"nama": "Siprak Institution", "jenis_pelayanan": "Edukasi", "institusi": 5, "tema": 8, "deskripsi_singkat": "Siprak institution adalah institusi yang mengedepankan selesainya projek PPL.", "beneficaries": "Pengguna", "alamat": "Jln. Margonda Raya", "praktikum_ke": 1, "lingkup_kerja": [7]}}, {"model": "lembaga.lembaga", "pk": 7, "fields": {"nama": "Bawa Paket", "jenis_pelayanan": "Jasa pengantaran barang", "institusi": 4, "tema": 8, "deskripsi_singkat": "Bawa Pakat adalah jasa pengiriman barang yang handal. Fransiscus Emmanuel Bunaren adalah Co-Founder dan CEO dari Bawa Paket.", "beneficaries": "Pengguna jasa bawa paket", "alamat": "Bekasi, Jawa Barat", "praktikum_ke": 2, "lingkup_kerja": [9]}}, {"model": "lembaga.lembaga", "pk": 8, "fields": {"nama": "Just For Challenge", "jenis_pelayanan": "Edukasi melalui challenge", "institusi": 3, "tema": 8, "deskripsi_singkat": "Just For Challenge adalah challenge XSS secara terbuka dan gratis. Challenge XSS di Just For Challenge adalah kasus nyata / real-world.", "beneficaries": "Pengguna yang ingin mempelajari XSS", "alamat": "Bekasi, Jawa Barat", "praktikum_ke": 1, "lingkup_kerja": [6, 7]}}, {"model": "lembaga.lembaga", "pk": 9, "fields": {"nama": "Go Get Gold Indonesia", "jenis_pelayanan": "Bisnis", "institusi": 4, "tema": 8, "deskripsi_singkat": "Go Get Gold Indonesia adalah start-up yang dibuat oleh mahasiswa Universitas Indonesia.", "beneficaries": "Pengguna Go Get Gold Indonesia", "alamat": "Jakarta Timur", "praktikum_ke": 2, "lingkup_kerja": [8]}}, {"model": "lembaga.lembaga", "pk": 10, "fields": {"nama": "Fakultas Ilmu Komputer UI", "jenis_pelayanan": "Edukasi", "institusi": 5, "tema": 8, "deskripsi_singkat": "Fakultas Ilmu Komputer UI adalah fakultas yang mempelajari hal-hal tentang bagaimana menyelesaikan suatu permasalahan secara komputasi. Fakultas Ilmu Komputer UI berada di Kampu UI Depok.", "beneficaries": "Mahasiswa Fasilkom UI", "alamat": "Jln. Raya Margonda, Kampus UI Depok", "praktikum_ke": 2, "lingkup_kerja": [7]}}, {"model": "lembaga.lembaga", "pk": 11, "fields": {"nama": "Yayasan Freons", "jenis_pelayanan": "Edukasi", "institusi": 3, "tema": 4, "deskripsi_singkat": "Yayasan Freons adalah yayasan yang di bentuk oleh komunitas Freons dimana anggota-anggota komunitas Freons sangat berbakat dalam dunia komputer.", "beneficaries": "Masyarakat", "alamat": "Depok", "praktikum_ke": 1, "lingkup_kerja": [7]}}, {"model": "lembaga.lembaga", "pk": 16, "fields": {"nama": "Yayasan Mengoding", "jenis_pelayanan": "Perusahaan", "institusi": 2, "tema": 11, "deskripsi_singkat": "Lorem ipsum dolor sit amet, consectetur adipiscing elit. In posuere neque id posuere euismod.", "beneficaries": "Developers", "alamat": "Jl. Bambu Wulung No.7, RT.7/RW.5, Bambu Apus, Kec. Cipayung", "praktikum_ke": 1, "lingkup_kerja": [6, 7]}}]